sign1,sign2,compatibility
Aries,Aries,Aries and Aries have a unique dynamic that can be shaped by mutual understanding and effort.
Aries,Taurus,Aries and Taurus have a unique dynamic that can be shaped by mutual understanding and effort.
Aries,Gemini,"Dynamic and playful connection, full of energy and excitement."
Aries,Cancer,Aries and Cancer have a unique dynamic that can be shaped by mutual understanding and effort.
Aries,Leo,"Both are fire signs, making this a passionate and energetic match."
Aries,Virgo,Aries and Virgo have a unique dynamic that can be shaped by mutual understanding and effort.
Aries,Libra,Opposites attract—challenging but complementary relationship.
Aries,Scorpio,Aries and Scorpio have a unique dynamic that can be shaped by mutual understanding and effort.
Aries,Sagittarius,An adventurous and spontaneous pair with strong chemistry.
Aries,Capricorn,Aries and Capricorn have a unique dynamic that can be shaped by mutual understanding and effort.
Aries,Aquarius,Aries and Aquarius have a unique dynamic that can be shaped by mutual understanding and effort.
Aries,Pisces,Aries and Pisces have a unique dynamic that can be shaped by mutual understanding and effort.
Taurus,Aries,Taurus and Aries have a unique dynamic that can be shaped by mutual understanding and effort.
Taurus,Taurus,Taurus and Taurus have a unique dynamic that can be shaped by mutual understanding and effort.
Taurus,Gemini,Taurus and Gemini have a unique dynamic that can be shaped by mutual understanding and effort.
Taurus,Cancer,Emotional and physical security make this a nurturing pair.
Taurus,Leo,Taurus and Leo have a unique dynamic that can be shaped by mutual understanding and effort.
Taurus,Virgo,"Both earth signs, grounded and stable with strong values."
Taurus,Libra,Taurus and Libra have a unique dynamic that can be shaped by mutual understanding and effort.
Taurus,Scorpio,Taurus and Scorpio have a unique dynamic that can be shaped by mutual understanding and effort.
Taurus,Sagittarius,Taurus and Sagittarius have a unique dynamic that can be shaped by mutual understanding and effort.
Taurus,Capricorn,A practical and long-lasting bond based on mutual goals.
Taurus,Aquarius,Taurus and Aquarius have a unique dynamic that can be shaped by mutual understanding and effort.
Taurus,Pisces,Taurus grounds dreamy Pisces; Pisces softens Taurus’ rigidity.
Gemini,Aries,Fast-paced and thrilling; a lively connection.
Gemini,Taurus,Gemini and Taurus have a unique dynamic that can be shaped by mutual understanding and effort.
Gemini,Gemini,Gemini and Gemini have a unique dynamic that can be shaped by mutual understanding and effort.
Gemini,Cancer,Gemini and Cancer have a unique dynamic that can be shaped by mutual understanding and effort.
Gemini,Leo,Gemini and Leo have a unique dynamic that can be shaped by mutual understanding and effort.
Gemini,Virgo,Gemini and Virgo have a unique dynamic that can be shaped by mutual understanding and effort.
Gemini,Libra,Air signs with great communication and intellectual connection.
Gemini,Scorpio,Gemini and Scorpio have a unique dynamic that can be shaped by mutual understanding and effort.
Gemini,Sagittarius,Gemini and Sagittarius have a unique dynamic that can be shaped by mutual understanding and effort.
Gemini,Capricorn,Gemini and Capricorn have a unique dynamic that can be shaped by mutual understanding and effort.
Gemini,Aquarius,"Quirky, curious, and creative duo with unique chemistry."
Gemini,Pisces,Gemini and Pisces have a unique dynamic that can be shaped by mutual understanding and effort.
Cancer,Aries,Cancer and Aries have a unique dynamic that can be shaped by mutual understanding and effort.
Cancer,Taurus,Emotional and physical security make this a nurturing pair.
Cancer,Gemini,Cancer and Gemini have a unique dynamic that can be shaped by mutual understanding and effort.
Cancer,Cancer,Cancer and Cancer have a unique dynamic that can be shaped by mutual understanding and effort.
Cancer,Leo,Cancer and Leo have a unique dynamic that can be shaped by mutual understanding and effort.
Cancer,Virgo,Cancer and Virgo have a unique dynamic that can be shaped by mutual understanding and effort.
Cancer,Libra,Cancer and Libra have a unique dynamic that can be shaped by mutual understanding and effort.
Cancer,Scorpio,Intensely emotional and loyal bond that runs deep.
Cancer,Sagittarius,Cancer and Sagittarius have a unique dynamic that can be shaped by mutual understanding and effort.
Cancer,Capricorn,Cancer and Capricorn have a unique dynamic that can be shaped by mutual understanding and effort.
Cancer,Aquarius,Cancer and Aquarius have a unique dynamic that can be shaped by mutual understanding and effort.
Cancer,Pisces,"Deeply sensitive and intuitive relationship, very caring."
Leo,Aries,"Bold, passionate, and competitive in a fiery way."
Leo,Taurus,Leo and Taurus have a unique dynamic that can be shaped by mutual understanding and effort.
Leo,Gemini,Leo and Gemini have a unique dynamic that can be shaped by mutual understanding and effort.
Leo,Cancer,Leo and Cancer have a unique dynamic that can be shaped by mutual understanding and effort.
Leo,Leo,Leo and Leo have a unique dynamic that can be shaped by mutual understanding and effort.
Leo,Virgo,Leo and Virgo have a unique dynamic that can be shaped by mutual understanding and effort.
Leo,Libra,Leo and Libra have a unique dynamic that can be shaped by mutual understanding and effort.
Leo,Scorpio,Leo and Scorpio have a unique dynamic that can be shaped by mutual understanding and effort.
Leo,Sagittarius,"High energy, fun-loving, and inspirational match."
Leo,Capricorn,Leo and Capricorn have a unique dynamic that can be shaped by mutual understanding and effort.
Leo,Aquarius,Leo and Aquarius have a unique dynamic that can be shaped by mutual understanding and effort.
Leo,Pisces,Leo and Pisces have a unique dynamic that can be shaped by mutual understanding and effort.
Virgo,Aries,Virgo and Aries have a unique dynamic that can be shaped by mutual understanding and effort.
Virgo,Taurus,Stable and deeply respectful match; values align well.
Virgo,Gemini,Virgo and Gemini have a unique dynamic that can be shaped by mutual understanding and effort.
Virgo,Cancer,Virgo and Cancer have a unique dynamic that can be shaped by mutual understanding and effort.
Virgo,Leo,Virgo and Leo have a unique dynamic that can be shaped by mutual understanding and effort.
Virgo,Virgo,Virgo and Virgo have a unique dynamic that can be shaped by mutual understanding and effort.
Virgo,Libra,Virgo and Libra have a unique dynamic that can be shaped by mutual understanding and effort.
Virgo,Scorpio,Virgo and Scorpio have a unique dynamic that can be shaped by mutual understanding and effort.
Virgo,Sagittarius,Virgo and Sagittarius have a unique dynamic that can be shaped by mutual understanding and effort.
Virgo,Capricorn,Responsible and loyal partners focused on growth.
Virgo,Aquarius,Virgo and Aquarius have a unique dynamic that can be shaped by mutual understanding and effort.
Virgo,Pisces,Virgo and Pisces have a unique dynamic that can be shaped by mutual understanding and effort.
Libra,Aries,Opposites attract—challenging but complementary relationship.
Libra,Taurus,Libra and Taurus have a unique dynamic that can be shaped by mutual understanding and effort.
Libra,Gemini,Charming and witty pair with lots of mutual respect.
Libra,Cancer,Libra and Cancer have a unique dynamic that can be shaped by mutual understanding and effort.
Libra,Leo,Libra and Leo have a unique dynamic that can be shaped by mutual understanding and effort.
Libra,Virgo,Libra and Virgo have a unique dynamic that can be shaped by mutual understanding and effort.
Libra,Libra,Libra and Libra have a unique dynamic that can be shaped by mutual understanding and effort.
Libra,Scorpio,Libra and Scorpio have a unique dynamic that can be shaped by mutual understanding and effort.
Libra,Sagittarius,Libra and Sagittarius have a unique dynamic that can be shaped by mutual understanding and effort.
Libra,Capricorn,Libra and Capricorn have a unique dynamic that can be shaped by mutual understanding and effort.
Libra,Aquarius,Intellectually stimulating and socially active couple.
Libra,Pisces,Libra and Pisces have a unique dynamic that can be shaped by mutual understanding and effort.
Scorpio,Aries,Scorpio and Aries have a unique dynamic that can be shaped by mutual understanding and effort.
Scorpio,Taurus,Scorpio and Taurus have a unique dynamic that can be shaped by mutual understanding and effort.
Scorpio,Gemini,Scorpio and Gemini have a unique dynamic that can be shaped by mutual understanding and effort.
Scorpio,Cancer,Intense emotional connection and mutual protection.
Scorpio,Leo,Scorpio and Leo have a unique dynamic that can be shaped by mutual understanding and effort.
Scorpio,Virgo,Scorpio and Virgo have a unique dynamic that can be shaped by mutual understanding and effort.
Scorpio,Libra,Scorpio and Libra have a unique dynamic that can be shaped by mutual understanding and effort.
Scorpio,Scorpio,Scorpio and Scorpio have a unique dynamic that can be shaped by mutual understanding and effort.
Scorpio,Sagittarius,Scorpio and Sagittarius have a unique dynamic that can be shaped by mutual understanding and effort.
Scorpio,Capricorn,Scorpio and Capricorn have a unique dynamic that can be shaped by mutual understanding and effort.
Scorpio,Aquarius,Scorpio and Aquarius have a unique dynamic that can be shaped by mutual understanding and effort.
Scorpio,Pisces,"Deep, soulful, and emotionally bonded relationship."
Sagittarius,Aries,Adventurous spirit makes this pair unstoppable.
Sagittarius,Taurus,Sagittarius and Taurus have a unique dynamic that can be shaped by mutual understanding and effort.
Sagittarius,Gemini,Sagittarius and Gemini have a unique dynamic that can be shaped by mutual understanding and effort.
Sagittarius,Cancer,Sagittarius and Cancer have a unique dynamic that can be shaped by mutual understanding and effort.
Sagittarius,Leo,"High energy, fun-loving, and inspirational match."
Sagittarius,Virgo,Sagittarius and Virgo have a unique dynamic that can be shaped by mutual understanding and effort.
Sagittarius,Libra,Sagittarius and Libra have a unique dynamic that can be shaped by mutual understanding and effort.
Sagittarius,Scorpio,Sagittarius and Scorpio have a unique dynamic that can be shaped by mutual understanding and effort.
Sagittarius,Sagittarius,Sagittarius and Sagittarius have a unique dynamic that can be shaped by mutual understanding and effort.
Sagittarius,Capricorn,Sagittarius and Capricorn have a unique dynamic that can be shaped by mutual understanding and effort.
Sagittarius,Aquarius,Sagittarius and Aquarius have a unique dynamic that can be shaped by mutual understanding and effort.
Sagittarius,Pisces,Sagittarius and Pisces have a unique dynamic that can be shaped by mutual understanding and effort.
Capricorn,Aries,Capricorn and Aries have a unique dynamic that can be shaped by mutual understanding and effort.
Capricorn,Taurus,"Strong, loyal, and dependable team."
Capricorn,Gemini,Capricorn and Gemini have a unique dynamic that can be shaped by mutual understanding and effort.
Capricorn,Cancer,Capricorn and Cancer have a unique dynamic that can be shaped by mutual understanding and effort.
Capricorn,Leo,Capricorn and Leo have a unique dynamic that can be shaped by mutual understanding and effort.
Capricorn,Virgo,"Practical, intelligent, and reliable connection."
Capricorn,Libra,Capricorn and Libra have a unique dynamic that can be shaped by mutual understanding and effort.
Capricorn,Scorpio,Capricorn and Scorpio have a unique dynamic that can be shaped by mutual understanding and effort.
Capricorn,Sagittarius,Capricorn and Sagittarius have a unique dynamic that can be shaped by mutual understanding and effort.
Capricorn,Capricorn,Capricorn and Capricorn have a unique dynamic that can be shaped by mutual understanding and effort.
Capricorn,Aquarius,Capricorn and Aquarius have a unique dynamic that can be shaped by mutual understanding and effort.
Capricorn,Pisces,Capricorn and Pisces have a unique dynamic that can be shaped by mutual understanding and effort.
Aquarius,Aries,Aquarius and Aries have a unique dynamic that can be shaped by mutual understanding and effort.
Aquarius,Taurus,Aquarius and Taurus have a unique dynamic that can be shaped by mutual understanding and effort.
Aquarius,Gemini,"Innovative, fun, and mentally engaging pair."
Aquarius,Cancer,Aquarius and Cancer have a unique dynamic that can be shaped by mutual understanding and effort.
Aquarius,Leo,Aquarius and Leo have a unique dynamic that can be shaped by mutual understanding and effort.
Aquarius,Virgo,Aquarius and Virgo have a unique dynamic that can be shaped by mutual understanding and effort.
Aquarius,Libra,Intellectually stimulating and socially active couple.
Aquarius,Scorpio,Aquarius and Scorpio have a unique dynamic that can be shaped by mutual understanding and effort.
Aquarius,Sagittarius,Aquarius and Sagittarius have a unique dynamic that can be shaped by mutual understanding and effort.
Aquarius,Capricorn,Aquarius and Capricorn have a unique dynamic that can be shaped by mutual understanding and effort.
Aquarius,Aquarius,Aquarius and Aquarius have a unique dynamic that can be shaped by mutual understanding and effort.
Aquarius,Pisces,Aquarius and Pisces have a unique dynamic that can be shaped by mutual understanding and effort.
Pisces,Aries,Pisces and Aries have a unique dynamic that can be shaped by mutual understanding and effort.
Pisces,Taurus,Taurus grounds dreamy Pisces; Pisces softens Taurus’ rigidity.
Pisces,Gemini,Pisces and Gemini have a unique dynamic that can be shaped by mutual understanding and effort.
Pisces,Cancer,"Emotional, creative, and nurturing soulmates."
Pisces,Leo,Pisces and Leo have a unique dynamic that can be shaped by mutual understanding and effort.
Pisces,Virgo,Pisces and Virgo have a unique dynamic that can be shaped by mutual understanding and effort.
Pisces,Libra,Pisces and Libra have a unique dynamic that can be shaped by mutual understanding and effort.
Pisces,Scorpio,"Deep, soulful, and emotionally bonded relationship."
Pisces,Sagittarius,Pisces and Sagittarius have a unique dynamic that can be shaped by mutual understanding and effort.
Pisces,Capricorn,Pisces and Capricorn have a unique dynamic that can be shaped by mutual understanding and effort.
Pisces,Aquarius,Pisces and Aquarius have a unique dynamic that can be shaped by mutual understanding and effort.
Pisces,Pisces,Pisces and Pisces have a unique dynamic that can be shaped by mutual understanding and effort.
